customer_id,x,y
100,-78.43720,-5.41760
101,-70.70946,-9.77209
102,-70.70936,-9.77209